epoch;0_out_hm_loss;0_out_hm_mean_absolute_error;0_out_hm_mean_squared_error;1_out_hm_loss;1_out_hm_mean_absolute_error;1_out_hm_mean_squared_error;2_out_hm_loss;2_out_hm_mean_absolute_error;2_out_hm_mean_squared_error;loss;val_0_out_hm_loss;val_0_out_hm_mean_absolute_error;val_0_out_hm_mean_squared_error;val_1_out_hm_loss;val_1_out_hm_mean_absolute_error;val_1_out_hm_mean_squared_error;val_2_out_hm_loss;val_2_out_hm_mean_absolute_error;val_2_out_hm_mean_squared_error;val_loss
0;0.04229416434218111;0.039372832625859784;0.04229416458447444;0.03916100716803486;0.036164209144341354;0.039161007047640355;0.042366983873693746;0.04012167651667064;0.04236698409798371;0.1238221552992308;0.0011755760915872484;0.005965950809382271;0.0011755760892819946;0.0010932533303275704;0.005528892071843885;0.001093253330097045;0.0013168521598903554;0.0069559794915194555;0.0013168521587377286;0.0035856815769641412
1;0.0010736311435805834;0.005020142082752301;0.0010736311448665383;0.0010812746579219206;0.005151870378932484;0.0010812746570969685;0.001070338089881669;0.005099126275996831;0.0010703380903426718;0.003225243891117277;0.0013721737300626713;0.008589273837791516;0.0013721737296016204;0.0013063809187796962;0.008229708962953917;0.0013063809162439169;0.0012896268573211562;0.008085494484789301;0.0012896268485611912;0.0039681814929083134
2;0.0007935272170175523;0.005767361890728826;0.0007935272181457958;0.0008719635018228665;0.006228272202174308;0.0008719635020169729;0.0008826215887270836;0.005946661291504997;0.0008826215904983045;0.0025481123039704677;0.0011547977475928936;0.008278171009946577;0.0011547977439044874;0.0008959917771159718;0.006204183605305925;0.0008959917788449121;0.0015299328494503505;0.007976049640317364;0.0015299328538303327;0.0035807223746202664
3;0.0004346742432338072;0.003999397358600875;0.0004346742431064249;0.0005058203671248292;0.004479385857583304;0.0005058203669974469;0.0005932063758442653;0.004549594505962952;0.0005932063757472122;0.0015337009859966637;0.0009513434159827631;0.007076926484224525;0.0009513434125248822;0.0008103232332828021;0.005277852881884221;0.0008103232335133275;0.0007830289159071549;0.004802235789449498;0.0007830289191345103;0.0025446955695527023
4;0.0003281864070484167;0.0032980854778984197;0.0003281864070908775;0.00037382392692142846;0.0036324665771246814;0.00037382392660600554;0.00046180427737936623;0.0037045097650153383;0.0004618042773854321;0.0011638146109488668;0.0005360408021612001;0.00410502175616082;0.0005360408022764627;0.0005914859177480166;0.00426344839524072;0.0005914859180938046;0.0005605117515268929;0.0038745309687265666;0.0005605117485876942;0.0016880384733955753
5;0.00027055154438773536;0.0030393814438528515;0.00027055154414510235;0.00030849161117110346;0.0032475066440946277;0.00030849161143193393;0.0003926470136036902;0.003268557041019695;0.00039264701384025743;0.000971690168710625;0.00035266650853318964;0.003097031174670204;0.0003526665088213464;0.00046969008687330357;0.00394701772775169;0.00046969009194486214;0.000473752012476325;0.0035059031301943383;0.00047375201311026984;0.001296108611167805
6;0.00023684527793233975;0.002633299945314811;0.00023684527767150925;0.00027809956685944954;0.0027811556189581473;0.0002780995666835406;0.0003488090039489918;0.002978750846520293;0.000348809003906531;0.0008637538493503966;0.00029308045035721455;0.0027370640800546595;0.00029308045038603026;0.0003796082943802386;0.0028658848426461516;0.0003796082929394549;0.00041365895695790725;0.0030359068318353134;0.00041365895557475487;0.0010863477046057434
7;0.00021571342164231096;0.0023634840738476284;0.00021571342169083755;0.0002478029334386492;0.002510263362787617;0.00024780293334462894;0.0003186114696896109;0.0027925110918113737;0.00031861147011421866;0.0007821278250465661;0.0002781235006935249;0.00258441211074812;0.00027812349956971363;0.0003087489497455962;0.002652677123683809;0.0003087489506100664;0.0003894991460970907;0.0030067436212655343;0.0003894991432731547;0.0009763715968531842
8;0.000202491919070003;0.002312563519729608;0.00020249191860596737;0.0002309091110618328;0.0024849786118399655;0.00023090911057656676;0.0002994266441498548;0.0028047706024284915;0.0002994266435917989;0.0007328276744272705;0.0003071056923248095;0.0025455365593701896;0.0003071056916908647;0.00027211902687316854;0.0025853688860920693;0.000272119026210408;0.00035710948303867464;0.003028694773553917;0.00035710948234709845;0.0009363342037350677
9;0.00019218225344590337;0.002301252372822988;0.0001921822534368046;0.0002171584549153254;0.0024641491941002824;0.00021715845504574063;0.00028441732449945907;0.0028293171852691976;0.0002844173241264108;0.0006937580328121612;0.00022106034529054223;0.0022395620855622657;0.00022106034497356984;0.00027915337800145113;0.002568986480317936;0.00027915337710816525;0.00033966504477683714;0.0029365845605509706;0.000339665041607113;0.0008398787680976462
10;0.00017849018665540807;0.0021955970173327794;0.00017849018648556495;0.00020196045417367824;0.0023588107910186592;0.00020196045403113132;0.00026478954695213487;0.0027256019575744184;0.0002647895469278716;0.0006452401879389327;0.00019741700512661349;0.0022936884240053667;0.00019741700368582982;0.00021680846886990574;0.0023404103127483387;0.00021680846927332517;0.0003022700903469254;0.0027234173176976123;0.0003022700895689022;0.0007164955635942371
11;0.0001602042144519027;0.0020566235194813495;0.00016020421440792547;0.0001813658812198215;0.0022128402536590137;0.00018136588130171014;0.00024138312184020081;0.0025750818910704565;0.00024138312153690954;0.0005829532174361022;0.0001845395150721202;0.002165206939000452;0.0001845395134584425;0.0002076103823722829;0.0022588924938204266;0.00020761038240109855;0.0002643258273682216;0.0026230710996591514;0.0002643258283191388;0.0006564757221903984
12;0.00014596724452175676;0.001935934853088227;0.00014596724461274414;0.00016581797297680404;0.0020870595293355585;0.0001658179729859028;0.0002214644871320544;0.0024433956811400212;0.00022146448717148227;0.0005332497047716456;0.00015776158685941195;0.001903919547584166;0.00015776158657125521;0.0001832864830491714;0.0020440162009661;0.00018328648342377517;0.00024663596549463263;0.002512547058412934;0.0002466359639674019;0.0005876840367719605
13;0.00013339620054375663;0.0018331472524973631;0.00013339620037997933;0.00015187830278740332;0.0019777227920191242;0.00015187830296331225;0.00020457793059808826;0.00232908199337459;0.00020457793087711622;0.0004898524341354863;0.00015191321914190297;0.0018291633647617579;0.00015191322013604372;0.00017404643375551015;0.0019550409935654538;0.00017404643352498476;0.00023181692029736788;0.0023772633533076484;0.00023181692090249703;0.000557776573021887
14;0.00012279371022343201;0.0017384828887493577;0.00012279371003842433;0.00014017736410315532;0.0018788263577891793;0.0001401773641183199;0.00018927569573418742;0.002222640394252966;0.00018927569602837996;0.0004522467704095597;0.00014570210764984517;0.00176438905372478;0.00014570210626669284;0.00016420222522050033;0.0019086892124136339;0.0001642022259985235;0.00021861322915140024;0.0021967779923377944;0.00021861322848863973;0.0005285175612293147
15;0.0001129524826865615;0.0016550989332890333;0.00011295248276693367;0.00012977859999854403;0.0017899255489168837;0.0001297785995375413;0.00017579900627255943;0.002128019146731868;0.00017579900637264555;0.0004185300889591814;0.00014060275912420862;0.0017039184944962363;0.00014060276040650608;0.0001582974387623259;0.0018431387053304675;0.00015829743781140866;0.00021263355698141427;0.0021726139761175556;0.00021263355689496723;0.0005115337561502463
16;0.00010520551951383052;0.0015793887057068722;0.0001052055195669065;0.00012107404024659177;0.0017083700545737384;0.00012107404026478925;0.00016390197456183698;0.0020394391480360835;0.00016390197455273822;0.0003901815340083528;0.00013555867102119315;0.0016377793228493469;0.00013555867107882451;0.00015281231165921206;0.0017776438284038316;0.00015281231003112648;0.00020180142413718754;0.002083927425002624;0.00020180142566441825;0.0004901724069328554
17;9.845110422924769e-05;0.0015084409219637534;9.845110428080721e-05;0.00011372332246818098;0.0016335812246868727;0.00011372332263650763;0.0001533684537625375;0.0019556858911958927;0.00015336845355933234;0.0003655428804963611;0.0001307440983041623;0.001553711377655958;0.00013074409867876605;0.00014850776901902024;0.0016710339678857144;0.00014850776999875313;0.00019700815523674914;0.002015053108565067;0.00019700815690805822;0.0004762600229633511
18;9.299166198375032e-05;0.0014438128390296262;9.299166194583891e-05;0.00010751108986877989;0.0015648242483896147;0.00010751108984148368;0.00014415141880861045;0.0018769525909490057;0.00014415141903152955;0.0003446541706414267;0.00012829132726194687;0.0014983888192212965;0.00012829132743484093;0.00014624146989253948;0.0016255009054934773;0.00014624146908570062;0.00019422711183243236;0.0019348736787860347;0.00019422711286979662;0.0004687599081080407
19;8.934716087055902e-05;0.001382424974610828;8.934716085842736e-05;0.0001032297045839042;0.0015005440471683004;0.00010322970461726624;0.0001372784910143286;0.0018058924809055152;0.00013727849096731843;0.00032985535675540207;0.00012693406527315606;0.0014322691472560757;0.0001269340654748658;0.00014488652559160945;0.0015551347347750966;0.0001448865255195703;0.0001918104125387358;0.00188076832322496;0.00019181041176071263;0.0004636310038645521
20;8.822500078403458e-05;0.001382589311433685;8.822500080678143e-05;0.00010194582530870098;0.0015007193409100178;0.00010194582527533894;0.00013528081831310613;0.0018045406921259304;0.00013528081815691114;0.00032545164466818866;0.00012808178494151884;0.0015086504434797877;0.00012808178497033452;0.00014602979787770604;0.0016359628127463677;0.0001460297988718468;0.00019394917339247901;0.001958228798011447;0.00019394917293142822;0.0004680607565863076
21;8.999126647718563e-05;0.0014361885052408033;8.999126655604136e-05;0.00010411145152054036;0.0015575246986936546;0.00010411145164034042;0.0001390227868488281;0.001867665380145151;0.00013902278684731166;0.0003331255051756251;0.00012896108908733205;0.001557974993149833;0.00012896108986535526;0.00014816244315220007;0.0016743058440192502;0.00014816244247503173;0.000195517792397566;0.002014961745128921;0.00019551779389598102;0.0004726413246082824
22;9.125307419865738e-05;0.0014813379253555445;9.125307416226243e-05;0.00010586508851694509;0.001606104361121832;0.00010586508859276792;0.00014206532298829846;0.0019232948071097396;0.00014206532286091615;0.0003391834856826706;0.0001297485788317056;0.0015945711182338176;0.00012974857842828618;0.0001490106617560435;0.0017264961795235918;0.00014901066077631058;0.00019762641407369572;0.0020308060684508765;0.00019762641329567251;0.0004763856540563157
23;9.306809437928412e-05;0.001522228310865681;9.306809439899804e-05;0.00010815889707107433;0.0016523369114532316;0.00010815889708320598;0.00014535812907870188;0.0019645548488990577;0.00014535812934711464;0.0003465851205093464;0.00013260334293014545;0.0016047112894991395;0.00013260334268521223;0.00015062970003530403;0.0017717212171173922;0.0001506297008133272;0.0002018525081601381;0.002083308721597463;0.00020185250775671867;0.0004850855502323017
24;9.489120720054822e-05;0.0015561378259561559;9.48912072354267e-05;0.00011037321213360878;0.001688980195560097;0.00011037321200167709;0.0001485346130774989;0.001992895661284716;0.00014853461301987355;0.00035379903258453193;0.0001348812673367689;0.0016784017442236885;0.00013488126693334947;0.00015370270560350325;0.0018353171081807796;0.00015370270498396625;0.000205967472756678;0.0021710293722514173;0.000205967472756678;0.0004945514449333348
25;9.760119354086139e-05;0.0015904042325240746;9.760119355147658e-05;0.00011334033251595478;0.0017260530112237873;0.00011334033246591172;0.00015244975060092248;0.0020210876150142903;0.0001524497507646998;0.00036339127661376143;0.00013947559073671127;0.0017977261037501221;0.00013947559112572288;0.00015501826083792446;0.001827243168718449;0.00015501825997345426;0.00020659565112996145;0.0021682075104943596;0.00020659565101469876;0.0005010895034538047
26;0.00010026334581295223;0.0016228598947223337;0.0001002633458417649;0.00011628657352341756;0.0017625736223091963;0.00011628657345820993;0.00015633485066933402;0.0020526033019320515;0.0001563348506420378;0.0003728847702119419;0.00014022055562092268;0.0016969557102345446;0.00014022055624045965;0.00015749425254416385;0.001955217496252222;0.00015749425208311306;0.000218110549780033;0.002222287995593235;0.000218110549693586;0.0005158253569653866
27;0.00010285679080178332;0.001654310936973752;0.00010285679063800604;0.00011915287593356421;0.0017961466491995702;0.00011915287610644023;0.00015973684043328853;0.0020822771677035776;0.0001597368403726303;0.0003817465072960184;0.00014071216998969916;0.0017600223009410028;0.00014071217011936969;0.00016007964126996254;0.0018233298997182657;0.000160079641759829;0.0002140573403708139;0.002201851981111092;0.0002140573427625148;0.000514849151673699
28;0.00010486358445573362;0.0016821774743816095;0.00010486358456946785;0.00012163622379315837;0.0018267045623462503;0.00012163622393722174;0.00016257144715855823;0.0021073127071731873;0.00016257144708273542;0.0003890712552800679;0.00014187868962313354;0.0017975666036940004;0.00014187868983925108;0.00017058677014106387;0.001899208243714996;0.00017058677172592592;0.0002136470451443871;0.002135907451502315;0.00021364704468333632;0.0005261125037847733
29;0.00010710651127531709;0.0017119910810728957;0.00010710651131019559;0.00012432407468081845;0.0018601170025254231;0.00012432407478848686;0.00016538901291172307;0.002132141618593819;0.0001653890131088624;0.0003968195989558131;0.0001434006243552275;0.001799761050260893;0.00014340062411029428;0.00016533972621701732;0.0019435809710809944;0.00016533972587122922;0.00022349193257666976;0.0022833272847024226;0.00022349193286482652;0.0005322322838981221
30;0.00010547214517905211;0.0016841236755968914;0.00010547214521847998;0.00012205195144201876;0.001827997325767389;0.00012205195128279084;0.00016235410193640452;0.0020960805821523655;0.0001623541018181209;0.0003898781988501515;0.00013802444866609456;0.0017231362415385423;0.00013802444857964754;0.00015604868614792566;0.0018445872231432708;0.0001560486854563495;0.00021092547815509767;0.0020777373588505652;0.00021092547973995972;0.0005049986145827956
31;9.973547738850753e-05;0.0016239350439383555;9.973547750830759e-05;0.00011560953504615744;0.001766395560447701;0.0001156095349642688;0.0001536475548047016;0.0020254192288459145;0.00015364755481380034;0.00036899256738342996;0.00013350190495090136;0.0016785773501666909;0.00013350190436018004;0.00015403849794875165;0.0018196952999523371;0.00015403849865473567;0.0002009014825516445;0.00202536676770611;0.0002009014828686169;0.0004884418856818229
32;9.393512350339906e-05;0.0015670176992979383;9.393512338814839e-05;0.00010948282592234417;0.0017048651245280965;0.00010948282596025557;0.00014523638075897172;0.0019586832028580343;0.00014523638044051587;0.0003486543300891782;0.00013254962782006675;0.0016224977747066923;0.0001325496280073686;0.00015042006485636741;0.0018034358903083324;0.00015042006459702636;0.00019689568221605946;0.0019907390110950806;0.00019689568181264003;0.000479865374417035
33;8.856286191245009e-05;0.0015122117332492231;8.85628619397463e-05;0.0001038560447647621;0.001648455465626105;0.00010385604479054186;0.0001372435411414859;0.0018936033136370115;0.00013724354111570614;0.0003296624480264526;0.00012880363827225485;0.0015801780675030728;0.0001288036389206075;0.00014822724007881513;0.0017363067859285835;0.00014822724038137972;0.00019525902398797397;0.0019964778281766735;0.00019525902393034263;0.0004722899032899612
34;8.423270782171776e-05;0.0014643443674545948;8.423270780352028e-05;9.925495448463843e-05;0.001596752206436597;9.925495433147635e-05;0.0001304899296363991;0.0018366301346505421;0.0001304899295044674;0.0003139775918972616;0.00012549398666349156;0.0015430012766253387;0.00012549398660586023;0.00014335371841766437;0.001705102536984083;0.00014335371870582113;0.00019216746714837516;0.001964887388576154;0.0001921674679840297;0.00046101517354064426
35;8.040511686314695e-05;0.0014170419528910354;8.040511686617987e-05;9.497241765739556e-05;0.0015464693530079904;9.497241770288926e-05;0.00012415234309357364;0.0017816592790609557;0.0001241523429768065;0.0002995298775898529;0.00012321186627694728;0.0014897992195893484;0.00012321186685326075;0.000141988239149646;0.0016154167834798445;0.00014198823812668957;0.00018670759134981228;0.0018888956018824979;0.00018670759244480788;0.00045190769648824884
36;7.698484190042412e-05;0.0013733692087734637;7.698484195956592e-05;9.135332073977123e-05;0.0014994962986445317;9.135332070034336e-05;0.00011857276070453589;0.0017289195495611813;0.00011857276062871308;0.00028691092332350086;0.00012203779950159334;0.0014731064932144218;0.00012203779914139742;0.00014017417542532657;0.0015963695399315641;0.00014017417646269083;0.0001856084096667329;0.001859840966696565;0.0001856084095802859;0.0004478203847377312
37;7.441704290461012e-05;0.0013325055333249592;7.441704300317978e-05;8.854036974073457e-05;0.0014562106730316258;8.854036968310923e-05;0.0001140635531749093;0.001677937108665012;0.0001140635531855245;0.00027702096572471726;0.00012067396036409173;0.00142322247732652;0.00012067396034968389;0.00013913046644993662;0.0015587636463270328;0.0001391304672279598;0.00018416342713367562;0.0018042780233012274;0.0001841634284591966;0.0004439678539909275
38;7.238250267290838e-05;0.0012927570154087982;7.238250268504004e-05;8.636350524823832e-05;0.0014149673538010376;8.636350528311682e-05;0.00011029917707057212;0.0016292724346153116;0.00011029917698261766;0.00026904518494925804;0.00011992106863382816;0.0014012383234843907;0.00011992106906606327;0.00013839426622749075;0.0015264856778915124;0.00013839426631393777;0.0001829370137334036;0.0017788707131132632;0.00018293701505892458;0.00044125234817689524
39;7.086039889772144e-05;0.0012506035948938931;7.086039894473159e-05;8.465851205315959e-05;0.0013725020850998111;8.465851198036968e-05;0.00010738993892215416;0.001583720989690891;0.00010738993890547314;0.0002629088496304022;0.00011937615427356859;0.001337917146070095;0.00011937615389896482;0.00013783986857137873;0.001467636011605437;0.00013783986880190412;0.00018237671938189996;0.001719297805229331;0.00018237671920900593;0.0004395927412038909
40;7.043428344545736e-05;0.0012519205397038817;7.043428348791813e-05;8.416998367153176e-05;0.0013740697756292016;8.416998377920017e-05;0.00010642190364725373;0.0015836224903425543;0.00010642190379738291;0.00026102617073694664;0.0001199352814462082;0.00140018679528949;0.00011993528091311823;0.00013829460057791895;0.00152893659939971;0.0001382946011830481;0.00018334515369151453;0.0017816394643563002;0.00018334515397967126;0.00044157503565801033
41;7.129101439935465e-05;0.001292400563266959;7.129101439935465e-05;8.51812529216264e-05;0.0014143207992872331;8.518125300503151e-05;0.00010837594567284764;0.0016267305940904791;0.00010837594571075904;0.0002648482130378059;0.00012041925381186722;0.0014442502304284584;0.00012041925392712992;0.000139324447254784;0.001575560239374195;0.0001393244463614981;0.00018423034493709998;0.0018056107463665528;0.00018423034456249623;0.0004439740468249979
42;7.20505366396927e-05;0.0013285801905021381;7.205053663059397e-05;8.614224798721834e-05;0.0014509493381003552;8.614224799176771e-05;0.00011027068461011202;0.0016722219349828476;0.00011027068458888164;0.0002684634691475521;0.00012108424586522863;0.0014531970007972109;0.00012108424530332299;0.00014025601503637498;0.0016083718328229566;0.0001402560145609164;0.00018530491423115393;0.0018521120218504773;0.00018530491437523228;0.00044664517442677355
43;7.285036723179288e-05;0.0013629786707379356;7.285036727425366e-05;8.711005481555045e-05;0.0014870730635375034;8.711005478370486e-05;0.00011205138735147154;0.001712792002570339;0.00011205138722560567;0.00027201180956410863;0.00012209579378244292;0.0015014400961578336;0.00012209579398415264;0.00014172031624544652;0.0016297501765449743;0.00014172031653360325;0.00018764816770343903;0.0019157849704053733;0.0001876481676458077;0.00045146427709738367
44;7.382446811679559e-05;0.0013948212601289094;7.38244681410589e-05;8.816853783649217e-05;0.0015193571681300392;8.816853783800863e-05;0.00011413448052601648;0.0017434733824881292;0.00011413448040621642;0.0002761274862700333;0.00012304205551171804;0.0015215693922289231;0.00012304205539645535;0.0001423390591568959;0.001663430002379683;0.00014233905971880153;0.0001890037707306703;0.0019097422344130602;0.00018900376920343958;0.00045438488521198233
45;7.500680000429043e-05;0.001421088133240798;7.500680002703726e-05;8.954278977191648e-05;0.0015483368972575321;8.954278982954182e-05;0.00011641329241253033;0.001766661152735868;0.00011641329215473275;0.00028096288228124106;0.00012515887258157115;0.0015271915007603937;0.00012515887288413574;0.0001429470418635433;0.0016669136541203992;0.00014294704086940257;0.00019108357849083657;0.0019516991951622734;0.00019108357912478137;0.0004591894934834488
46;7.66832511295557e-05;0.0014480495198785858;7.668325111742405e-05;9.157312542667206e-05;0.0015784963847399254;9.15731254494189e-05;0.00011924341073026638;0.0017907159222835746;0.00011924341082580313;0.0002874997874032613;0.00012575906932199522;0.0015762508957471587;0.0001257590689185758;0.00014542546446001764;0.0017330552691058947;0.00014542546362436313;0.00019380158703257837;0.00201767080435806;0.00019380158605284545;0.0004649861206849207
47;7.852820952070808e-05;0.0014739563129269667;7.852820944336881e-05;9.345477527710514e-05;0.0016046082469686731;9.345477526345703e-05;0.00012227269681561222;0.0018159701397585037;0.0001222726967746679;0.00029425568173777484;0.00012760160281668684;0.0016071866065872336;0.00012760160251412228;0.00014732478562244538;0.0017802091963165024;0.0001473247863428372;0.00019312513693083667;0.001980002973191809;0.00019312513698846803;0.0004680515252547062
48;8.072371026858701e-05;0.0014999360429890152;8.072371032924526e-05;9.556122703554218e-05;0.0016313533096266781;9.556122696275228e-05;0.00012523465474225366;0.0018453340735137013;0.00012523465451781812;0.0003015195922890159;0.00012898591282491638;0.0015992284222220135;0.00012898591242149694;0.00014803261453767613;0.0017114055900843723;0.00014803261345708836;0.00019432736470221108;0.001999126738490592;0.000194327363030902;0.0004713458925978935
49;8.263072815468516e-05;0.0015249171016651247;8.263072828055103e-05;9.762319946994387e-05;0.0016574198364584134;9.762319946236158e-05;0.0001282420921140972;0.0018697095034120308;0.00012824209215807442;0.0003084960199100858;0.00012813240465751877;0.0016466494631206636;0.0001281324060406711;0.00014796504309391695;0.0017699481264715738;0.00014796504293543075;0.00019741362530742725;0.0020248665585007406;0.00019741362424124733;0.00047351107385129403
50;8.235200818738908e-05;0.0015083941046370596;8.235200803422698e-05;9.745472610292226e-05;0.0016419363270762945;9.745472597705638e-05;0.0001276308625564843;0.0018537681459867726;0.0001276308625943957;0.0003074375968316311;0.0001268377744000276;0.0016312482942006374;0.0001268377746737765;0.0001463343336311455;0.001730915185497465;0.00014633433478377243;0.00019415588620104966;0.0019733316684602807;0.00019415588683499447;0.0004673279934830152
51;7.924786591428271e-05;0.001469385291519798;7.924786592944727e-05;9.422824120932188e-05;0.0016021933731477026;9.422824121387124e-05;0.00012246675625894368;0.0018079668144579384;0.00012246675608303475;0.0002959428630656089;0.00012396261014452315;0.0015552603167085218;0.00012396261018774666;0.0001444536950243268;0.001705465950348442;0.00014445369597524405;0.00019314517151785665;0.0019352088440301837;0.00019314517267048358;0.00046156147612480097
52;7.604995496337554e-05;0.0014308244547029867;7.604995501948442e-05;9.063817955861287e-05;0.0015614455619529155;9.063817947065841e-05;0.0001176105096021184;0.0017635628026921773;0.00011761050963548044;0.00028429864416505116;0.00012279584131314245;0.0015390733512819256;0.0001227958419182716;0.0001416164164784097;0.001704614325472624;0.00014161641663689592;0.00019011778159339055;0.0019166287698663108;0.00019011778176628458;0.00045453004030704424
53;7.280946868279781e-05;0.0013937273308019052;7.280946859787625e-05;8.742483267424242e-05;0.0015233643677143094;8.742483266969305e-05;0.00011289020338581573;0.001721602752151588;0.00011289020324933465;0.00027312450463822045;0.00012136835202639277;0.001484920864113339;0.00012136835178145955;0.00014019203288734218;0.001631107907926682;0.00014019203259918542;0.0001854594269280995;0.001852280066791221;0.00018545942615007631;0.0004470198125334106
54;7.005522742214495e-05;0.001358603852700672;7.005522742972724e-05;8.459372168568972e-05;0.0014867262574168572;8.459372172208466e-05;0.00010843945289835097;0.001680128929322091;0.00010843945290138387;0.0002630884021244692;0.00012006745544045537;0.0014903711775170253;0.00012006745626170207;0.00013963720916267854;0.001583503866752628;0.00013963720881689045;0.00018457351068016327;0.0018126229603433667;0.00018457351128529242;0.0004442781755714539
55;6.78219909702461e-05;0.001325720653607362;6.782199101194865e-05;8.235956667902056e-05;0.0014522612052078685;8.235956679730416e-05;0.00010491049561619766;0.0016416184400938523;0.00010491049546303556;0.000255092052938668;0.00011896549905293003;0.0014408873626962303;0.00011896549877918114;0.0001382247341962734;0.001565999556609457;0.0001382247340377872;0.0001839245239902048;0.0018219235260961669;0.00018392452335625996;0.00044111475656223993
56;6.594779314028524e-05;0.0012933984280679579;6.594779321231693e-05;8.0491502054446e-05;0.0014194908796494384;8.049150195587635e-05;0.00010195765012283224;0.0016028517460488962;0.00010195765017742466;0.00024839694550560405;0.00011855769988338436;0.0014247601586716747;0.00011855770001305488;0.00013790890778470232;0.0015500160284561686;0.0001379089084474628;0.00018295888730790466;0.0017616575325627138;0.0001829588881435592;0.00043942549595572426
57;6.447173581409156e-05;0.001262893702990324;6.447173596422073e-05;7.899672870347397e-05;0.0013875729685504472;7.899672868072713e-05;9.947947907220206e-05;0.0015663273278815986;9.94794791510578e-05;0.00024294794371335876;0.00011826421822580316;0.0013875526297689959;0.00011826421825461882;0.0001374991484865832;0.0015155684896790893;0.00013749914900526534;0.00018231949347099013;0.0017479466119928672;0.0001823194925200729;0.00043808285943416897
58;6.319816723048615e-05;0.0012316435805549857;6.319816729872668e-05;7.766730479364265e-05;0.0013564458100292901;7.766730465412867e-05;9.723604707551146e-05;0.0015309407735965904;9.723604719227861e-05;0.00023810151908220103;0.00011788726596122534;0.001357694280260049;0.00011788726537050403;0.00013707926742372904;0.0014856845792844005;0.00013707926678978424;0.00018190703372641622;0.0017029911929759944;0.00018190703381286327;0.0004368735672122255
59;6.226094443504836e-05;0.0011967221455636506;6.22609443637749e-05;7.671331684221563e-05;0.0013224724598660624;7.671331676487634e-05;9.554089306935333e-05;0.0014952769844236474;9.554089313911033e-05;0.00023451515430491477;0.00011756526002842509;0.0013058108969195054;0.00011756525958178214;0.0001367050838411214;0.0014391788138574599;0.00013670508385552922;0.00018168248695501192;0.0016636913040615987;0.00018168248666685518;0.00043595283134324053
60;6.19925052366332e-05;0.0011979252503343974;6.1992505226018e-05;7.646128606404626e-05;0.0013234515650343056;7.64612860867931e-05;9.49675042766152e-05;0.0014950603873846668;9.49675042174734e-05;0.00023342129568723773;0.0001178532546774558;0.0013590436915193896;0.00011785325521054577;0.00013692197335150904;0.0014860607358617801;0.00013692197289045827;0.0001821197510874452;0.0017027118111877602;0.00018211975082810415;0.00043689497806463797
61;6.262371155989763e-05;0.0012325196783990057;6.262371153108496e-05;7.71451611890954e-05;0.0013576584876188484;7.714516127856633e-05;9.621849768526624e-05;0.0015296901497316732;9.621849790818532e-05;0.00023598737052524666;0.0001183897310304271;0.001405886835695272;0.00011838973128976817;0.00013744337877574477;0.0015293267057599998;0.00013744337886219181;0.00018281150836322346;0.0017381726386080875;0.00018281150893953693;0.0004386446192067596
62;6.3223581437698e-05;0.0012621393339613725;6.322358144452206e-05;7.77684443925878e-05;0.0013859992723200794;7.77684445139043e-05;9.750722470295275e-05;0.0015641605585255272;9.75072246908211e-05;0.00023849925060375377;0.00011907408109319738;0.0014318388331183555;0.00011907408165510301;0.00013782243925264327;0.001553207083079632;0.00013782244010270564;0.00018384862448536044;0.001825377748965627;0.00018384862330391783;0.00044074514500409514
63;6.377333319634371e-05;0.001291844221261936;6.377333331159439e-05;7.84282571660622e-05;0.0014163992938260644;7.842825720852298e-05;9.874550768089261e-05;0.0015992631824402175;9.874550759597105e-05;0.00024094709800614534;0.00011934945452036244;0.001456619588206384;0.00011934945472207216;0.00013845774107658774;0.0015867050642627153;0.00013845774088928585;0.00018525171539709342;0.0018017893451920683;0.00018525171533946205;0.0004430589101295734
64;6.441648961653978e-05;0.0013195349709515154;6.44164896195727e-05;7.91314490517361e-05;0.0014454527164727104;7.913144908509814e-05;0.0001002063534886921;0.0016305150773340122;0.00010020635354025161;0.00024375429218047306;0.00012030811546114504;0.001453292318896418;0.00012030811593660366;0.00013921638019382955;0.0016102742788723053;0.00013921637968955524;0.00018545108700936458;0.0018577518013056995;0.00018545108689410188;0.00044497558293808806
65;6.531125756703949e-05;0.0013453583973817055;6.531125749121666e-05;8.003542272563239e-05;0.0014715598294027725;8.003542267255642e-05;0.0001018650437360413;0.0016558344368001804;0.00010186504367083367;0.0002472117241075689;0.00012084063514836575;0.0015005656833861872;0.00012084063529244411;0.000140148228423965;0.001645246546687835;0.00014014822796291424;0.00018631581500596782;0.0018407850378737002;0.00018631581428557597;0.0004473046782901418
66;6.632922701038877e-05;0.0013673851291882747;6.632922686025959e-05;8.11259829051471e-05;0.001494837972442664;8.112598303101298e-05;0.00010374720022544544;0.001676248852624556;0.00010374720031946574;0.0002512024100462028;0.000121273290444313;0.0015120437198161785;0.00012127329070365406;0.00014019676398873183;0.0016393243920721926;0.0001401967642624807;0.0001877479278540128;0.001882977547621963;0.0001877479281998009;0.00044921798191245387
67;6.760799331944074e-05;0.001387975661401614;6.760799352946995e-05;8.235512216986561e-05;0.0015165961749611788;8.235512211375672e-05;0.00010570899311729172;0.0016950729889069227;0.00010570899312790691;0.00025567210873018927;0.00012251538905144513;0.0015439810371948499;0.000122515388532763;0.0001414338712457171;0.0016856994657399188;0.0001414338703812469;0.0001907133869884425;0.0019156800449300225;0.00019071338672910145;0.0004546626485390865
68;6.915627437585572e-05;0.0014097466657234012;6.915627442059118e-05;8.395390882581494e-05;0.0015388672390413867;8.39539086711364e-05;0.00010807507459851946;0.0017163269181505604;0.0001080750747046714;0.00026118525790330916;0.00012347241504853223;0.0015635233024356536;0.00012347241503412438;0.00014219337110154073;0.0016706153146443096;0.00014219337133206613;0.00019130070969268753;0.0019068920959506442;0.0001913007108164988;0.0004569664965199288
69;7.085558780495544e-05;0.0014290416894626942;7.085558790655802e-05;8.569675448522926e-05;0.001561254462708221;8.569675450342674e-05;0.00011040691860019094;0.0017387985639377385;0.00011040691865175044;0.0002669592609085731;0.00012446621707801957;0.0016017543615330712;0.0001244662170636117;0.00014401912213174054;0.0017374326350480908;0.00014401912239108162;0.00018992074520331762;0.0018874546987843691;0.0001899207444541101;0.000458406084297815
70;7.122908751700107e-05;0.0014191147856611919;7.122908767622898e-05;8.597170702900339e-05;0.001549221938433263;8.59717070805629e-05;0.00011054529129871709;0.0017281577803465106;0.00011054529146401082;0.0002677460856066379;0.0001229116338562211;0.0015505612044051141;0.0001229116343172719;0.0001422885972931566;0.0017306097326708018;0.00014228859848900707;0.0001884470896341257;0.0019001198914086464;0.00018844708836623605;0.0004536473194579824
71;6.88308787704493e-05;0.0013859268275845413;6.883087885006326e-05;8.362228304142917e-05;0.0015175427731767875;8.362228293982659e-05;0.00010724170958636052;0.0016933478660411394;0.00010724170946959338;0.00025969487131180096;0.000122086775686827;0.0015126070611658367;0.00012208677588853672;0.00014062628177649315;0.001622421794921381;0.0001406262816035991;0.00018695186178711712;0.0018439594358851267;0.00018695186152777607;0.00044966491935129215
72;6.646279385095629e-05;0.0013557283164148746;6.646279386687908e-05;8.461389602513276e-05;0.0014999269919282446;8.461389606152772e-05;0.00010353160890790477;0.001659830238674187;0.0001035316089200364;0.0002546082989379141;0.0001201586577537617;0.0014778699430793819;0.00012015865830125952;0.0001433171689629066;0.001622133951237665;0.00014331717053336083;0.00018582664733282338;0.00183093493163475;0.00018582664692940392;0.0004493024744817268
73;6.437184658194165e-05;0.0013274928085785865;6.437184670098348e-05;8.252048222620085e-05;0.0014674421171514103;8.252048226866164e-05;0.00010055619501207908;0.0016281348942598873;0.00010055619491805878;0.00024744852392713176;0.00011945434095047525;0.0014711524915448067;0.00011945434067672634;0.0001389767881540471;0.001592210065665664;0.00013897678772181198;0.00018443091819178093;0.0018082822184308921;0.00018443091822059658;0.0004428620458267039
74;6.247954519587173e-05;0.0012985707234512438;6.247954520345402e-05;7.846535499015365e-05;0.0014324103996789267;7.846535498408782e-05;9.791076127707604e-05;0.0015949678925668068;9.79107612679773e-05;0.00023885566144035458;0.00011906828167952025;0.0014426093334147687;0.00011906828175155944;0.00013842569026717972;0.0015839910309872415;0.000138425692096975;0.00018471454239639426;0.0017765675007485517;0.00018471454314560178;0.00044220851424223937
75;6.0835897278913594e-05;0.0012723641071331552;6.083589726678194e-05;7.654975550936113e-05;0.0014052604205837288;7.654975567768779e-05;9.557471158386299e-05;0.0015655642465075689;9.557471149439207e-05;0.00023296036435166556;0.00011848706086707938;0.0014154351254150566;0.00011848706181799661;0.00013777577179359586;0.0015520180506391986;0.00013777577293181496;0.00018330389448778132;0.0017645839707796822;0.0001833038934216014;0.0004395667266441823
76;5.96218646908624e-05;0.001246409086138243;5.962186469692823e-05;7.519366951554408e-05;0.0013777268901016997;7.51936694518529e-05;9.355657926439417e-05;0.0015355247536692775;9.35565792492296e-05;0.0002283721134647348;0.00011838995943786484;0.0013848990178897535;0.00011838995910648459;0.00013727440320400263;0.0015212755850838996;0.00013727440336248884;0.00018306857244097767;0.0017379010815431577;0.00018306857356478894;0.00043873293532777834
77;5.845919485428139e-05;0.001219941896735642;5.8459194998344746e-05;7.401583762282593e-05;0.0013517791378824641;7.40158375060588e-05;9.182837894756808e-05;0.00150637341945278;9.182837906585167e-05;0.00022430341149974;0.00011782407692038814;0.0013647666864908567;0.00011782407723736055;0.0001371199293794009;0.0014910665236985182;0.00013711992959551845;0.00018294221715250118;0.0017026499713688056;0.000182942216460925;0.0004378862222564397
78;5.7587155316651206e-05;0.0011931157651455958;5.7587155290871446e-05;7.311270148474425e-05;0.0013256576251195493;7.311270158028099e-05;9.042466523429496e-05;0.0014774925855536552;9.042466546327987e-05;0.00022112452198868026;0.00011769853685613685;0.0013349016812528567;0.00011769853787909326;0.00013684756099476968;0.0014639413242440412;0.00013684756044727187;0.00018261935452972125;0.0016717754721659983;0.00018261935493314068;0.000437165453331545
79;5.6817461711418076e-05;0.0011621563984686762;5.6817461685638316e-05;7.237189656499648e-05;0.0012968529953847267;7.237189651495342e-05;8.909694142065567e-05;0.00144805888063614;8.909694145250126e-05;0.0002182862996129069;0.00011733777778993111;0.0012857321753526236;0.00011733777800604867;0.0001366528726642776;0.0014269993084916237;0.0001366528719150701;0.00018233037985962734;0.0016378707466831448;0.0001823303805512035;0.0004363210290315386
80;5.668759340327655e-05;0.0011635127032795635;5.668759348895634e-05;7.216717394495095e-05;0.0012976253506779536;7.216717392372056e-05;8.882640203936708e-05;0.0014487908479651624;8.882640216220005e-05;0.00021768116937318825;0.00011767468135400518;0.0013429067459529136;0.00011767468080650739;0.00013706109579883074;0.0014768641515828596;0.0001370610954674505;0.00018270970791887196;0.0016794305675119014;0.00018270970861044813;0.0004374454848555903
81;5.715193455239017e-05;0.0011943788496474998;5.715193454556612e-05;7.269498621653311e-05;0.0013268768369861137;7.269498634998127e-05;8.966155921784947e-05;0.0014764603234461821;8.966155918448743e-05;0.00021950847997009173;0.00011810042473515218;0.0013681899691646052;0.00011810042528265;0.00013724307867924286;0.001492060027269665;0.00013724307829023126;0.0001831180425844902;0.0017027880466257287;0.0001831180423827805;0.00043846154550901883
82;5.76455695545576e-05;0.001220251716145987;5.764556962583105e-05;7.317491171848509e-05;0.0013518899689083388;7.317491163962937e-05;9.067471800138107e-05;0.0015047467167641799;9.067471813786213e-05;0.00022149519925243515;0.00011842295757695424;0.001391786173917353;0.00011842295760576991;0.00013755170177751322;0.001540573122265684;0.0001375517015037643;0.00018347655166526058;0.0017303437158225638;0.00018347655059908064;0.00043945121037137537
83;5.822401665581041e-05;0.0012458453743494178;5.8224016686139534e-05;7.373891236646708e-05;0.0013770505956464563;7.373891237404936e-05;9.170547670311779e-05;0.001534685701082906;9.170547659393294e-05;0.00022366840580500925;0.00011902416789429355;0.00141656403890857;0.00011902416733238791;0.0001380472260730175;0.001537907129559334;0.00013804722542466486;0.0001843386522199184;0.0017472906791983116;0.00018433865371833344;0.000441410045697363
84;5.872432323721743e-05;0.0012704574944790749;5.872432320840476e-05;7.420674818092128e-05;0.001401662034292757;7.420674809903265e-05;9.267904413213517e-05;0.0015618565926208343;9.267904410180604e-05;0.00022561011562837138;0.00011921843992474738;0.001445793566561424;0.00011921844048665302;0.0001387743638237099;0.0015767642628807242;0.00013877436434239204;0.0001843736017708399;0.0018004970196265691;0.00018437360237596906;0.000442366404654827
85;5.939005370943193e-05;0.0012942321172514763;5.939005368820154e-05;7.487854666303026e-05;0.0014264182527885369;7.487854687988351e-05;9.389749367305457e-05;0.0015856293369284138;9.389749363969253e-05;0.0002281660939818256;0.0001197178311539943;0.0014886815068634726;0.00011971783173030777;0.00013894302612585524;0.001590407758231948;0.0001389430261978944;0.00018591127225248567;0.0018316680355698312;0.00018591127196432894;0.0004445721288695747
86;6.021473924494608e-05;0.0013161339759374393;6.021473916381566e-05;7.555924765839428e-05;0.0014475123336775094;7.555924756285753e-05;9.530549458891508e-05;0.0016077499978478008;9.530549451764162e-05;0.00023107948152789216;0.00012018475589333195;0.0014650327155809148;0.00012018475546109684;0.00013971963995608897;0.001611038068733593;0.00013971964014339086;0.00018636667075115117;0.0018055726068629192;0.0001863666702901004;0.0004462710671048464
87;6.117530997117005e-05;0.0013344362920405216;6.117530998254347e-05;7.64408637142314e-05;0.0014667023222871348;7.644086380218586e-05;9.680184471329859e-05;0.0016246727949834074;9.680184469813403e-05;0.00023441801839339243;0.00012123261249594224;0.0014898235278001221;0.00012123261266883629;0.00014046448309407893;0.0016597796780158682;0.0001404644837136159;0.00018693303446156332;0.0018536467610000826;0.00018693303376998715;0.0004486301302965177
88;6.237889176752794e-05;0.0013521599591383186;6.237889178724188e-05;7.743997388985105e-05;0.0014851354682969846;7.743997399751945e-05;9.846887961965114e-05;0.0016401767000484562;9.846887957567391e-05;0.0002382877452762719;0.0001220021655063818;0.0015384036392932481;0.0001220021644113862;0.00014056048559435265;0.0016646814629398656;0.00014056048536382725;0.00018841481201654981;0.001861913458416515;0.00018841481388956862;0.0004509774640682015
89;6.386184881851296e-05;0.001369674885047661;6.386184888296235e-05;7.875070832729665e-05;0.0015034034720636754;7.875070825905612e-05;0.00010026203097704779;0.0016567216363421822;0.00010026203104528831;0.0002428745881365055;0.00012233699707943707;0.0015242265770211815;0.0001223369968633195;0.00014118926493291936;0.0016915005094620703;0.00014118926493291936;0.00018846570453053284;0.0018676752385932325;0.00018846570409829775;0.00045199196763788486
90;6.401354155941579e-05;0.0013592618414895355;6.401354145932967e-05;7.898180970420396e-05;0.001493078029118424;7.898180967235837e-05;0.00010039505390717983;0.0016461289725802132;0.00010039505392841022;0.00024339040516245907;0.00012163541380299882;0.001486959956623245;0.00012163541452339067;0.00014032511450327232;0.0016329386783302715;0.00014032511356676294;0.00018703093902682792;0.0018045148229005165;0.0001870309388539339;0.00044899146720342854
91;6.231955316227403e-05;0.0013315116192203322;6.231955305460562e-05;7.732364099955892e-05;0.0014670389088021344;7.732364092980193e-05;9.795862012722817e-05;0.0016180595378243925;9.795862031375231e-05;0.00023760181434137888;0.00012089875444601576;0.0014937384058675259;0.00012089875441720009;0.0001397144943844564;0.001612842811668052;0.00013971449500399337;0.00018627966349566411;0.001835041018756162;0.00018627966320750738;0.00044689291337790836
92;6.0495511620674424e-05;0.0013067007268436964;6.0495511597169355e-05;7.572094108702888e-05;0.0014419009576238327;7.572094114010485e-05;9.553519146336983e-05;0.001590573939592036;9.553519154677493e-05;0.00023175164415515035;0.00011997559989023364;0.001473362680229515;0.00011997559912661829;0.00013912743802348354;0.0015864355362822662;0.00013912743779295815;0.0001851176484580161;0.001808352366154368;0.00018511765056156027;0.0004442206866310743
93;5.8849969693700166e-05;0.0012820592106806395;5.8849969658821667e-05;7.414823254743508e-05;0.001417652350911935;7.414823251862241e-05;9.33279182767294e-05;0.0015639937472826304;9.332791822971925e-05;0.00022632612043445955;0.0001191705332620595;0.0014338981853521402;0.00011917053311798113;0.0001386550668768797;0.0015795628355797565;0.00013865506638701322;0.00018512209062464534;0.0017773700405447053;0.0001851220902212259;0.00044294768992793
94;5.7464007048386937e-05;0.001259032480916371;5.7464007074924926e-05;7.289065447144957e-05;0.001393879546091681;7.289065428795834e-05;9.148817301822021e-05;0.0015389521418420016;9.148817291661765e-05;0.00022184283451379342;0.00011890335715926796;0.0014039198473778248;0.00011890335789406765;0.00013806448329014168;0.0015586587561220667;0.00013806448222396177;0.0001848146377885161;0.0017731913658190924;0.00018481463816311984;0.00044178247796417686
95;5.622896202474748e-05;0.001235190240519526;5.6228962058109526e-05;7.181816988913802e-05;0.001372108887376364;7.181816981483167e-05;8.982930833744532e-05;0.0015136330847693635;8.98293084178175e-05;0.00021787644021645233;0.00011834395547411266;0.0013860057880364285;0.00011834395531562645;0.00013766447855862742;0.0015228085644026794;0.00013766447930783495;0.00018442537022367268;0.00170808641705662;0.00018442536967617487;0.0004404338042708206
96;5.523069037822133e-05;0.0012120324033248445;5.52306903827707e-05;7.09293146376218e-05;0.0013492580614545356;7.092931455118378e-05;8.840790981019066e-05;0.001488509238503482;8.840790987539829e-05;0.00021456791463192736;0.00011815249252520354;0.0013654696049703525;0.00011815249128612957;0.00013762204537553122;0.001508108085242681;0.00013762204628322495;0.0001841750094784645;0.0017075113341267598;0.0001841750091326764;0.00043994954690374064
97;5.4346417889669914e-05;0.001189046396528188;5.4346417923031954e-05;7.014165080084806e-05;0.0013273464742764168;7.014165072957461e-05;8.713443805232382e-05;0.001463495379555683;8.713443815847578e-05;0.00021162250685809249;0.00011802444327853178;0.0013477997185828367;0.00011802444231320671;0.000137289512832188;0.0014824434630757216;0.00013728951218383535;0.0001836259455459266;0.0016626376859235144;0.000183625945690005;0.0004389399010803329
98;5.360637168640099e-05;0.001164698852296987;5.360637166896174e-05;6.942883925909138e-05;0.0013048596983552662;6.942883940163827e-05;8.599936386286745e-05;0.0014396340845813861;8.599936379462691e-05;0.00020903457483110666;0.00011784000600870274;0.0013193025972952346;0.00011784000635449082;0.00013722719720882907;0.001457925544507654;0.00013722719755461716;0.00018363438499399858;0.0016520673837881572;0.00018363438669412332;0.0004387015883700166
99;5.300644511587961e-05;0.0011365186081338937;5.3006445190944195e-05;6.886510125225217e-05;0.0012788941258327392;6.886510136901931e-05;8.507565414484396e-05;0.001414275335755724;8.507565424189716e-05;0.00020694720052434916;0.00011764674863575192;0.0012711747016960588;0.00011764674768483469;0.00013698618353337585;0.0014208029056576514;0.00013698618383594041;0.00018328415232221826;0.0016189641443699009;0.0001832841515153794;0.00043791708418878145
100;5.280804812285139e-05;0.0011374898421899937;5.2808048116027343e-05;6.867884698554116e-05;0.00127959932901723;6.867884697037659e-05;8.479183339005764e-05;0.0014149616443064482;8.479183333849814e-05;0.00020627872852119704;0.00011793051768234922;0.0013215870306006457;0.00011793051688991819;0.00013712395700374804;0.0014547119124580434;0.00013712395713341856;0.0001835388841746043;0.0016556934022464523;0.00018353888463565508;0.0004385933598116188
101;5.329236228590351e-05;0.0011660821030573263;5.32923623177491e-05;6.917592787926327e-05;0.0013059370364365294;6.91759278398354e-05;8.55301010735939e-05;0.0014391319177493147;8.553010096744196e-05;0.00020799839117052014;0.0001183335943663917;0.0013511972013160144;0.0001183335943663917;0.00013747614405537484;0.0014859126696344649;0.0001374761423120266;0.0001839468193397221;0.0016745868300336718;0.0001839468196566945;0.00043975655807846107
102;5.3746035157702084e-05;0.0011897240465741003;5.374603506898939e-05;6.957744460782171e-05;0.0013284975387293438;6.957744445011025e-05;8.632643421083202e-05;0.001463334559577099;8.63264343609612e-05;0.0002096499140188166;0.0001186003612433929;0.0013744656194812886;0.0001186003612433929;0.00013793028473547465;0.0015029759625765947;0.00013793028377014958;0.00018415730873049042;0.0017000180132004737;0.0001841573102865368;0.0004406879555738282
103;5.424325649727173e-05;0.001213280312514508;5.424325649196413e-05;7.005094291581698e-05;0.0013502200457819501;7.0050943002255e-05;8.714296153489402e-05;0.0014882601009557205;8.714296149091679e-05;0.00021143716096997135;0.00011878954985762237;0.001391685183049355;0.0001187895500305164;0.00013811184746895613;0.0015380016908436865;0.00013811184686382698;0.00018487870266734816;0.0017171404453566168;0.00018487870324366163;0.00044178009963373075
104;5.471287190283502e-05;0.0012359201948679813;5.471287184596791e-05;7.051858672263274e-05;0.0013726297834635373;7.051858681968595e-05;8.79701532594504e-05;0.0015123670916798982;8.797015334133904e-05;0.00021320161180909535;0.00011915105195038278;0.001398610649399902;0.0001191510529733392;0.0001385453687767535;0.0015678099462633382;0.00013854536936747482;0.00018557256415006844;0.0017637324122951764;0.000185572565158617;0.000443268985381479
105;5.529675100536096e-05;0.0012576654900378606;5.529675098564703e-05;7.102153881523536e-05;0.0013939404397971522;7.102153879703788e-05;8.891124200864567e-05;0.0015358391995817383;8.891124202229378e-05;0.00021522953186412048;0.00011928687243846863;0.0014122631101140587;0.0001192868731732683;0.00013900063966520795;0.0015833314464399869;0.00013900064068816435;0.00018524725138818347;0.0017612484901553334;0.00018524725089831703;0.00044353476363593843
106;5.593569607611677e-05;0.0012771232306121422;5.593569607839145e-05;7.154589510400399e-05;0.0014137821964004937;7.154589515404704e-05;8.991435153613941e-05;0.0015560959357781496;8.991435154220524e-05;0.00021739594281179692;0.00011976555466426001;0.0014627966873052686;0.00011976555453458949;0.00013927181454785723;0.0015902448858198996;0.00013927181485042179;0.00018596619414857192;0.0017901059055682456;0.00018596619478251675;0.0004450035638793713
107;5.682507367481726e-05;0.0012958613452645233;5.6825073735475515e-05;7.22320829357031e-05;0.0014322644928961342;7.223208302820695e-05;9.10717578262438e-05;0.001574135634540757;9.107175783079316e-05;0.00022012891446330214;0.0001205289902944708;0.0014631983266202824;0.00012052899051058834;0.00013971808223839905;0.0016109524407691442;0.00013971808170530907;0.00018641266641598932;0.001780786030086698;0.00018641266670414605;0.00044665973936668644
108;5.7764961327642664e-05;0.001312134885852252;5.776496122831477e-05;7.300660276869493e-05;0.001449181728713135;7.300660290062662e-05;9.231524909326522e-05;0.0015894935776240016;9.231524916757158e-05;0.00022308681313955975;0.00012156916968121037;0.0014977615907566973;0.0001215691698541044;0.00014037611036466914;0.001638216903147352;0.00014037610986039484;0.00018763095955940718;0.0018178113664749382;0.00018763096027979903;0.00044957624032567855
109;5.8875428253469404e-05;0.0013273623654045856;5.887542824740358e-05;7.398940225058244e-05;0.0014648527958198976;7.398940227787865e-05;9.375347087801808e-05;0.0016032261236026502;9.375347092806115e-05;0.00022661830152537505;0.0001208971743961787;0.0015075228107853395;0.00012089717328677526;0.00014078334229767765;0.0016433660869975344;0.0001407833420815601;0.00018825676873681312;0.001855182500860405;0.00018825676836220934;0.00044993728469586977
